samplestamps,C1
82997174,2245.26513671875
82997176,1820.6793212890625
82997178,697.2741088867188
82997180,-2419.89208984375
82997182,-4013.470458984375
82997184,-2886.73388671875
82997186,721.2369995117188
82997188,2735.74169921875
82997190,2150.111572265625
82997192,2205.7216796875
82997194,1465.9674072265625
82997196,-460.37445068359375
82997198,-3653.628662109375
82997200,-3713.845458984375
82997202,-1493.3114013671875
82997204,2199.308349609375
82997206,2407.003173828125
82997208,2165.29345703125
82997210,1887.4339599609375
82997212,834.67529296875
82997214,-2140.34619140625
82997216,-4061.495849609375
82997218,-3027.088623046875
82997220,440.33270263671875
82997222,2758.234130859375
82997224,2078.925048828125
82997226,2237.33154296875
82997228,1519.0811767578125
82997230,-261.26544189453125
82997232,-3510.5576171875
82997234,-3776.47119140625
82997236,-1723.3076171875
82997238,2017.3916015625
82997240,2481.795166015625
82997242,2159.11279296875
82997244,1927.459228515625
82997246,970.4483032226562
82997248,-1862.7275390625
82997250,-4040.947509765625
82997252,-3144.900634765625
82997254,139.78961181640625
82997256,2727.80810546875
82997258,2064.99755859375
82997260,2274.31640625
82997262,1563.7794189453125
82997264,10.193252563476562
82997266,-3356.354736328125
82997268,-3815.624267578125
82997270,-1933.1748046875
82997272,1882.785888671875
82997274,2555.16259765625
82997276,2131.968017578125
82997278,1976.5521240234375
82997280,1057.3193359375
82997282,-1599.8006591796875
82997284,-4042.858154296875
82997286,-3288.860595703125
82997288,-147.12094116210938
82997290,2717.59423828125
82997292,2130.285888671875
82997294,2261.7099609375
82997296,1653.0181884765625
82997298,176.8242645263672
82997300,-3154.9443359375
82997302,-3857.103271484375
82997304,-2202.618896484375
82997306,1624.344970703125
82997308,2580.022705078125
82997310,2126.98779296875
82997312,2055.8095703125
82997314,1138.5164794921875
82997316,-1405.9501953125
82997318,-4008.224365234375
82997320,-3409.87548828125
82997322,-467.64764404296875
82997324,2588.218017578125
82997326,2187.478515625
82997328,2274.549072265625
82997330,1656.3328857421875
82997332,314.05517578125
82997334,-3001.792236328125
82997336,-3975.02783203125
82997338,-2421.10498046875
82997340,1420.0521240234375
82997342,2678.61962890625
82997344,2131.5029296875
82997346,2116.7197265625
82997348,1236.5819091796875
82997350,-1105.58984375
82997352,-3927.65869140625
82997354,-3516.705322265625
82997356,-773.29150390625
82997358,2535.29931640625
82997360,2226.378173828125
82997362,2213.1943359375
82997364,1714.6802978515625
82997366,432.9722900390625
82997368,-2764.410888671875
82997370,-4032.876708984375
82997372,-2569.418212890625
82997374,1149.5030517578125
82997376,2725.926513671875
82997378,2152.674560546875
82997380,2165.88330078125
82997382,1364.8614501953125
82997384,-835.87158203125
82997386,-3807.6240234375
82997388,-3596.4111328125
82997390,-1023.4789428710938
82997392,2436.05859375
82997394,2303.46728515625
82997396,2200.263671875
82997398,1778.24072265625
82997400,590.0746459960938
82997402,-2557.974609375
82997404,-4056.436767578125
82997406,-2800.677001953125
82997408,850.5758056640625
82997410,2717.519287109375
82997412,2076.544921875
82997414,2198.1494140625
82997416,1403.0426025390625
82997418,-624.5381469726562
82997420,-3774.68505859375
82997422,-3675.843017578125
82997424,-1302.052978515625
82997426,2325.0458984375
82997428,2383.218994140625
82997430,2218.3740234375
82997432,1863.1927490234375
82997434,768.4150390625
82997436,-2246.154052734375
82997438,-4139.12890625
82997440,-2934.60986328125
82997442,531.7064208984375
82997444,2767.3349609375
82997446,2108.674072265625
82997448,2225.6181640625
82997450,1443.32958984375
82997452,-369.8979187011719
82997454,-3683.082763671875
82997456,-3745.185302734375
82997458,-1591.76318359375
82997460,2164.084716796875
82997462,2454.800048828125
82997464,2192.986328125
82997466,1912.1485595703125
82997468,901.15576171875
82997470,-2027.5018310546875
82997472,-4044.627685546875
82997474,-3126.728271484375
82997476,262.4533996582031
82997478,2744.809326171875
82997480,2108.200439453125
82997482,2245.905029296875
82997484,1524.115478515625
82997486,-146.89663696289062
82997488,-3492.1318359375
82997490,-3805.601318359375
82997492,-1848.9122314453125
82997494,1927.3013916015625
82997496,2481.915771484375
82997498,2149.5009765625
82997500,1738.763671875
82997502,835.0782470703125
82997504,-1880.385009765625
82997506,-4187.3623046875
82997508,-3337.712646484375
82997510,-75.16173553466797
82997512,2597.547119140625
82997514,2033.9276123046875
82997516,2155.856201171875
82997518,1518.56201171875
82997520,-32.87677001953125
82997522,-3369.592529296875
82997524,-3933.31591796875
82997526,-2106.638671875
82997528,1736.408447265625
82997530,2554.576904296875
82997532,2113.533935546875
82997534,2009.0966796875
82997536,1139.0439453125
82997538,-1491.4256591796875
82997540,-4019.347900390625
82997542,-3329.587890625
82997544,-327.1435852050781
82997546,2604.35107421875
82997548,2143.473876953125
82997550,2193.576171875
82997552,1595.443359375
82997554,205.33546447753906
82997556,-3116.30224609375
82997558,-3967.658935546875
82997560,-2303.529541015625
82997562,1510.059326171875
82997564,2629.156982421875
82997566,2109.986572265625
82997568,2053.043212890625
82997570,1216.141357421875
82997572,-1224.03759765625
82997574,-3909.382080078125
82997576,-3424.4384765625
82997578,-591.35400390625
82997580,2606.905517578125
82997582,2220.969970703125
82997584,2261.60595703125
82997586,1705.15576171875
82997588,421.6783142089844
82997590,-2908.23779296875
82997592,-4004.14111328125
82997594,-2503.69775390625
82997596,1279.53564453125
82997598,2686.154541015625
82997600,2104.848388671875
82997602,2153.14794921875
82997604,1213.8194580078125
82997606,-1003.4330444335938
82997608,-3890.89404296875
82997610,-3554.271484375
82997612,-879.302978515625
82997614,2509.994873046875
82997616,2292.92919921875
82997618,2285.161865234375
82997620,1784.32177734375
82997622,577.9498901367188
82997624,-2680.43896484375
82997626,-4006.1640625
82997628,-2714.5703125
82997630,992.1099853515625
82997632,2713.1123046875
82997634,2058.488525390625
82997636,2160.7783203125
82997638,1317.52978515625
82997640,-749.4739990234375
82997642,-3812.683349609375
82997644,-3612.249267578125
82997646,-1135.7584228515625
82997648,2408.951171875
82997650,2338.4873046875
82997652,2277.35693359375
82997654,1880.40576171875
82997656,686.694580078125
82997658,-2383.443115234375
82997660,-4048.49462890625
82997662,-2879.39013671875
82997664,728.2360229492188
82997666,2742.458251953125
82997668,2082.139892578125
82997670,2180.728759765625
82997672,1426.614990234375
82997674,-497.5087890625
82997676,-3717.633544921875
82997678,-3716.682373046875
82997680,-1464.526123046875
82997682,2281.489990234375
82997684,2420.53173828125
82997686,2259.5498046875
82997688,1905.922119140625
82997690,834.654541015625
82997692,-2168.068115234375
82997694,-4066.94970703125
82997696,-2997.43505859375
82997698,451.32763671875
82997700,2714.437255859375
82997702,2107.955322265625
82997704,2215.968994140625
82997706,1481.4608154296875
82997708,-275.55426025390625
82997710,-3536.655517578125
82997712,-3792.176513671875
82997714,-1705.2430419921875
82997716,2059.40234375
82997718,2447.988037109375
82997720,2166.70166015625
82997722,1934.130126953125
82997724,938.4105834960938
82997726,-1887.63330078125
82997728,-4072.141845703125
82997730,-3158.101318359375
82997732,179.1337432861328
82997734,2732.9130859375
82997736,2136.761474609375
82997738,2227.072021484375
82997740,1525.7437744140625
82997742,-70.87924194335938
82997744,-3396.68310546875
82997746,-3848.800048828125
82997748,-1945.2039794921875
82997750,1894.291748046875
82997752,2498.14013671875
82997754,2149.388916015625
82997756,1975.090087890625
82997758,1047.1302490234375
82997760,-1661.32568359375
82997762,-4001.4287109375
82997764,-3235.1904296875
82997766,-110.48089599609375
82997768,2705.79345703125
82997770,2151.25390625
82997772,2261.53125
82997774,1605.6988525390625
82997776,118.1736068725586
82997778,-3215.94189453125
82997780,-3895.12646484375
82997782,-2144.0595703125
82997784,1675.70166015625
82997786,2559.544677734375
82997788,2115.249267578125
82997790,2030.6046142578125
82997792,1166.2135009765625
82997794,-1371.4576416015625
82997796,-4029.41259765625
82997798,-3393.46826171875
82997800,-430.6545104980469
82997802,2649.5185546875
82997804,2161.7919921875
82997806,2255.076416015625
82997808,1653.234130859375
82997810,306.470458984375
82997812,-3009.35205078125
82997814,-3937.062744140625
82997816,-2443.56005859375
82997818,1447.0513916015625
82997820,2654.635986328125
82997822,2096.94384765625
82997824,2086.54296875
82997826,1256.6029052734375
82997828,-1103.5670166015625
82997830,-3930.74072265625
82997832,-3468.2021484375
82997834,-731.1851806640625
82997836,2598.323974609375
82997838,2247.005615234375
82997840,2232.978515625
82997842,1732.5662841796875
82997844,463.198974609375
82997846,-2816.00439453125
82997848,-4004.020751953125
82997850,-2567.918701171875
82997852,1189.5325927734375
82997854,2689.2158203125
82997856,2122.551513671875
82997858,2239.508056640625
82997860,1616.2742919921875
82997862,-707.9367065429688
82997864,-3681.625
82997866,-3466.511474609375
82997868,-907.6438598632812
82997870,2563.220703125
82997872,2389.5908203125
82997874,2339.152099609375
82997876,1864.1065673828125
82997878,721.2909545898438
82997880,-2507.8515625
82997882,-3977.3994140625
82997884,-2746.072021484375
82997886,919.2369384765625
82997888,2763.55517578125
82997890,2128.2421875
82997892,2183.83984375
82997894,1385.933349609375
82997896,-638.0294799804688
82997898,-3762.036865234375
82997900,-3712.7861328125
82997902,-1370.431640625
82997904,2301.755859375
82997906,2326.719970703125
82997908,2174.01220703125
82997910,1804.143310546875
82997912,765.5780029296875
82997914,-2327.613037109375
82997916,-4045.18017578125
82997918,-2938.90478515625
82997920,636.2018432617188
82997922,2759.496826171875
82997924,2071.950927734375
82997926,2179.69873046875
82997928,1491.03515625
82997930,-395.443359375
82997932,-3626.10205078125
82997934,-3715.46533203125
82997936,-1585.3955078125
82997938,2112.5244140625
82997940,2409.38330078125
82997942,2147.914306640625
82997944,1897.045654296875
82997946,853.151123046875
82997948,-2057.267333984375
82997950,-4103.28662109375
82997952,-3088.696533203125
82997954,285.6021423339844
82997956,2782.68310546875
82997958,2120.732177734375
82997960,2246.67333984375
82997962,1502.0177001953125
82997964,-145.6879119873047
82997966,-3487.8369140625
82997968,-3794.253173828125
82997970,-1816.3095703125
82997972,2026.122802734375
82997974,2474.418212890625
82997976,2172.3505859375
82997978,1960.543701171875
82997980,1008.338623046875
82997982,-1786.768310546875
82997984,-4091.340576171875
82997986,-3194.8037109375
82997988,41.570526123046875
82997990,2733.31591796875
82997992,2126.065673828125
82997994,2268.281005859375
82997996,1600.26171875
82997998,15.223418235778809
82998000,-3278.181396484375
82998002,-3868.625732421875
82998004,-2049.85302734375
82998006,1774.1201171875
82998008,2563.2041015625
82998010,2163.021484375
82998012,2013.167236328125
82998014,1071.3714599609375
82998016,-1570.9447021484375
82998018,-4039.522705078125
82998020,-3342.140625
82998022,-293.17022705078125
82998024,2623.549560546875
82998026,2177.999755859375
82998028,2240.974365234375
82998030,1647.34423828125
82998032,224.9701385498047
82998034,-3104.1650390625
82998036,-3907.51708984375
82998038,-2263.869873046875
82998040,1580.622802734375
82998042,2604.90771484375
82998044,2136.47900390625
82998046,2084.785888671875
82998048,1144.77197265625
82998050,-1305.67919921875
82998052,-3997.669677734375
82998054,-3469.510498046875
82998056,-625.95458984375
82998058,2583.694580078125
82998060,2206.419677734375
82998062,2227.69091796875
82998064,1703.4776611328125
82998066,399.31878662109375
82998068,-2878.621826171875
82998070,-3980.481689453125
82998072,-2471.2197265625
82998074,1317.3511962890625
82998076,2680.875244140625
82998078,2084.6240234375
82998080,2119.598388671875
82998082,1279.531494140625
82998084,-1033.3773193359375
82998086,-3909.0498046875
82998088,-3540.07421875
82998090,-885.7661743164062
82998092,2500.831787109375
82998094,2230.203857421875
82998096,2192.425537109375
82998098,1709.8577880859375
82998100,515.1912231445312
82998102,-2680.721435546875
82998104,-4023.435302734375
82998106,-2639.1923828125
82998108,1082.8897705078125
82998110,2760.88427734375
82998112,2103.40283203125
82998114,2217.314697265625
82998116,1373.484619140625
82998118,-716.9129638671875
82998120,-3793.119384765625
82998122,-3585.25
82998124,-1164.53125
82998126,2416.7021484375
82998128,2380.992431640625
82998130,2266.01318359375
82998132,1810.6563720703125
82998134,678.7775268554688
82998136,-2455.892578125
82998138,-4029.238037109375
82998140,-2830.604736328125
82998142,763.9746704101562
82998144,2745.104248046875
82998146,2106.79248046875
82998148,2175.14208984375
82998150,1429.2318115234375
82998152,-478.065185546875
82998154,-3698.717529296875
82998156,-3717.085205078125
82998158,-1400.5628662109375
82998160,2264.5302734375
82998162,2402.88671875
82998164,2204.592041015625
82998166,1873.94677734375
82998168,829.765625
82998170,-2134.77197265625
82998172,-4028.507080078125
82998174,-2974.32373046875
82998176,481.2427978515625
82998178,2733.95556640625
82998180,2126.115478515625
82998182,2233.46875
82998184,1462.6361083984375
82998186,-294.92724609375
82998188,-3542.533203125
82998190,-3759.677734375
82998192,-1659.0909423828125
82998194,2068.075439453125
82998196,2477.948974609375
82998198,2203.35400390625
82998200,1933.137451171875
82998202,906.3604125976562
82998204,-1951.73779296875
82998206,-4065.205078125
82998208,-3154.479248046875
82998210,187.9521026611328
82998212,2701.053955078125
82998214,2095.136962890625
82998216,2261.402587890625
82998218,1428.43017578125
82998220,-337.752197265625
82998222,-3497.930419921875
82998224,-4001.495361328125
82998226,-2049.956787109375
82998228,1776.836669921875
82998230,2454.625732421875
82998232,2083.112060546875
82998234,1905.855712890625
82998236,960.1677856445312
82998238,-1731.868408203125
82998240,-4111.22021484375
82998242,-3316.03857421875
82998244,-157.09405517578125
82998246,2685.531494140625
82998248,2086.605224609375
82998250,2222.36572265625
82998252,1566.5458984375
82998254,85.9822006225586
82998256,-3239.77197265625
82998258,-3917.39892578125
82998260,-2184.753662109375
82998262,1653.9486083984375
82998264,2572.280029296875
82998266,2120.188232421875
82998268,2065.0556640625
82998270,1130.10107421875
82998272,-1390.2366943359375
82998274,-3983.842041015625
82998276,-3355.095947265625
82998278,-405.3209228515625
82998280,2612.380126953125
82998282,2193.343505859375
82998284,2235.25048828125
82998286,1662.3848876953125
82998288,295.4298400878906
82998290,-3077.33203125
82998292,-3984.934326171875
82998294,-2370.7744140625
82998296,1399.0341796875
82998298,2618.968017578125
82998300,2042.006591796875
82998302,2049.05126953125
82998304,1188.2989501953125
82998306,-1158.757568359375
82998308,-3969.30810546875
82998310,-3466.386962890625
82998312,-692.2605590820312
82998314,2544.416748046875
82998316,2229.360595703125
82998318,2212.2099609375
82998320,1733.737548828125
82998322,410.953369140625
82998324,-2823.21923828125
82998326,-3962.6123046875
82998328,-2579.45361328125
82998330,1182.5211181640625
82998332,2684.60107421875
82998334,2073.566650390625
82998336,2110.339599609375
82998338,1293.7164306640625
82998340,-839.3565673828125
82998342,-3849.751220703125
82998344,-3586.292724609375
82998346,-967.0546875
82998348,2513.413330078125
82998350,2284.065185546875
82998352,2249.501953125
82998354,1820.3553466796875
82998356,628.3512573242188
82998358,-2547.9931640625
82998360,-3999.825439453125
82998362,-2772.286376953125
82998364,927.0210571289062
82998366,2700.522216796875
82998368,2045.1260986328125
82998370,2171.78564453125
82998372,1404.0228271484375
82998374,-643.29638671875
82998376,-3744.927734375
82998378,-3671.182373046875
82998380,-1312.0010986328125
82998382,2304.87548828125
82998384,2309.43212890625
82998386,2227.80712890625
82998388,1839.7698974609375
82998390,772.5562744140625
82998392,-2293.95947265625
82998394,-4052.440673828125
82998396,-2917.812255859375
82998398,658.7357788085938
82998400,2752.4521484375
82998402,2074.15234375
82998404,2170.8427734375
82998406,1392.7081298828125
82998408,-481.4338684082031
82998410,-3659.938232421875
82998412,-3719.18701171875
82998414,-1542.5372314453125
82998416,2168.37548828125
82998418,2414.720703125
82998420,2225.6181640625
82998422,1912.63037109375
82998424,896.3540649414062
82998426,-2037.9609375
82998428,-4027.111328125
82998430,-3053.55615234375
82998432,335.326416015625
82998434,2729.639892578125
82998436,2126.165283203125
82998438,2220.450927734375
82998440,1508.9169921875
82998442,-176.26766967773438
82998444,-3475.649658203125
82998446,-3805.72998046875
82998448,-1774.9384765625
82998450,1958.5333251953125
82998452,2458.928955078125
82998454,2137.156005859375
82998456,1948.381591796875
82998458,994.5565185546875
82998460,-1811.8900146484375
82998462,-4081.267578125
82998464,-3183.9375
82998466,42.20604705810547
82998468,2700.356201171875
82998470,2147.685791015625
82998472,2273.884521484375
82998474,1555.65478515625
82998476,-30.30561065673828
82998478,-3340.65771484375
82998480,-3876.073486328125
82998482,-2067.70166015625
82998484,1797.07373046875
82998486,2564.49169921875
82998488,2131.656494140625
82998490,2017.8360595703125
82998492,1090.4744873046875
82998494,-1561.5531005859375
82998496,-4036.195556640625
82998498,-3335.926513671875
82998500,-184.73297119140625
82998502,2733.2412109375
82998504,2220.11865234375
82998506,2285.4111328125
82998508,1705.4423828125
82998510,245.14895629882812
82998512,-3105.668701171875
82998514,-3893.68115234375
82998516,-2276.916748046875
82998518,1583.1275634765625
82998520,2585.46826171875
82998522,2110.821533203125
82998524,2068.312255859375
82998526,1173.2042236328125
82998528,-1243.447998046875
82998530,-4023.3896484375
82998532,-3415.167236328125
82998534,-541.2724609375
82998536,2622.12060546875
82998538,2223.05517578125
82998540,2270.07958984375
82998542,1672.607177734375
82998544,403.3686828613281
82998546,-2898.069580078125
82998548,-3979.949951171875
82998550,-2469.076416015625
82998552,1320.607666015625
82998554,2675.878173828125
82998556,2074.48876953125
82998558,2078.580322265625
82998560,1271.13671875
82998562,-1042.972412109375
82998564,-3930.171630859375
82998566,-3530.670166015625
82998568,-846.0773315429688
82998570,2498.767333984375
82998572,2323.05224609375
82998574,2239.072021484375
82998576,1793.7132568359375
82998578,748.1697387695312
82998580,-2442.23095703125
82998582,-3853.796875
82998584,-2493.039306640625
82998586,1183.5386962890625
82998588,2815.87548828125
82998590,2157.5009765625
82998592,2264.322509765625
82998594,1381.958251953125
82998596,-705.9263305664062
82998598,-3809.0322265625
82998600,-3590.45458984375
82998602,-1080.285400390625
82998604,2456.52392578125
82998606,2327.803955078125
82998608,2284.401611328125
82998610,1842.955810546875
82998612,676.3309936523438
82998614,-2457.815673828125
82998616,-4062.717041015625
82998618,-2821.861083984375
82998620,830.8704833984375
82998622,2779.837646484375
82998624,2114.87548828125
82998626,2185.007080078125
82998628,1417.435302734375
82998630,-540.927734375
82998632,-3741.251708984375
82998634,-3703.465087890625
82998636,-1443.2174072265625
82998638,2269.352783203125
82998640,2369.511474609375
82998642,2224.7333984375
82998644,1851.5872802734375
82998646,802.9408569335938
82998648,-2204.263671875
82998650,-4060.046142578125
82998652,-2985.169189453125
82998654,503.2533874511719
82998656,2745.644287109375
82998658,2097.7705078125
82998660,2203.715576171875
82998662,1476.12744140625
82998664,-325.5859375
82998666,-3550.209228515625
82998668,-3740.383544921875
82998670,-1652.6318359375
82998672,2122.559814453125
82998674,2491.922119140625
82998676,2140.59130859375
82998678,1934.6077880859375
82998680,969.7172241210938
82998682,-1947.255859375
82998684,-4052.781494140625
82998686,-3101.427734375
82998688,207.8069305419922
82998690,2739.210205078125
82998692,2121.31787109375
82998694,2242.82275390625
82998696,1548.2943115234375
82998698,-113.70419311523438
82998700,-3411.30859375
82998702,-3832.114501953125
82998704,-1900.0322265625
82998706,1887.342529296875
82998708,2519.93896484375
82998710,2172.30908203125
82998712,2043.161376953125
82998714,1027.6119384765625
82998716,-1701.6251220703125
82998718,-4084.09228515625
82998720,-3274.9208984375
82998722,-125.3180160522461
82998724,2671.878173828125
82998726,2149.035888671875
82998728,2258.748291015625
82998730,1584.24072265625
82998732,69.49604797363281
82998734,-3237.83203125
82998736,-3879.16796875
82998738,-2140.109375
82998740,1693.525390625
82998742,2576.29248046875
82998744,2154.078369140625
82998746,2042.9412841796875
82998748,1130.83203125
82998750,-1423.013671875
82998752,-4028.482177734375
82998754,-3394.33642578125
82998756,-391.86700439453125
82998758,2612.43408203125
82998760,2184.516845703125
82998762,2231.5537109375
82998764,1642.50927734375
82998766,272.0028076171875
82998768,-3056.98291015625
82998770,-3936.385498046875
82998772,-2302.41650390625
82998774,1440.949462890625
82998776,2645.14892578125
82998778,2107.519287109375
82998780,2056.75244140625
82998782,1198.9324951171875
82998784,-1166.5791015625
82998786,-3982.40478515625
82998788,-3462.544677734375
82998790,-689.17431640625
82998792,2570.11181640625
82998794,2224.52978515625
82998796,2238.677490234375
82998798,1764.5416259765625
82998800,439.6307373046875
82998802,-2832.5859375
82998804,-4048.669189453125
82998806,-2556.300537109375
82998808,1204.7601318359375
82998810,2671.820068359375
82998812,2073.720458984375
82998814,2134.49365234375
82998816,1276.6488037109375
82998818,-914.5930786132812
82998820,-3866.607177734375
82998822,-3517.71875
82998824,-990.5814208984375
82998826,2457.059814453125
82998828,2251.217529296875
82998830,2227.213134765625
82998832,1764.379638671875
82998834,565.3059692382812
82998836,-2634.033447265625
82998838,-4051.1904296875
82998840,-2736.23193359375
82998842,961.4346923828125
82998844,2700.6552734375
82998846,2098.692626953125
82998848,2184.786865234375
82998850,1350.061767578125
82998852,-656.0732421875
82998854,-3787.162841796875
82998856,-3631.983642578125
82998858,-1239.51025390625
82998860,2365.58642578125
82998862,2348.086669921875
82998864,2200.87841796875
82998866,1830.78955078125
82998868,738.072021484375
82998870,-2365.673583984375
82998872,-4074.11083984375
82998874,-2894.767333984375
82998876,674.1419677734375
82998878,2733.59423828125
82998880,2096.241943359375
82998882,2231.819580078125
82998884,1414.133056640625
82998886,-462.5426940917969
82998888,-3646.941162109375
82998890,-3747.212158203125
82998892,-1530.16748046875
82998894,2203.90234375
82998896,2426.5712890625
82998898,2191.374755859375
82998900,1889.9261474609375
82998902,879.2240600585938
82998904,-2093.089111328125
82998906,-4037.4873046875
82998908,-3052.683837890625
82998910,384.1659851074219
82998912,2723.7998046875
82998914,2114.510009765625
82998916,2212.782958984375
82998918,1487.7703857421875
82998920,-221.45608520507812
82998922,-3529.835205078125
82998924,-3788.4462890625
82998926,-1745.5882568359375
82998928,2025.861083984375
82998930,2505.865966796875
82998932,2164.828369140625
82998934,1963.7005615234375
82998936,925.4384765625
82998938,-2097.4091796875
82998940,-4200.7705078125
82998942,-3355.536376953125
82998944,-38.7376823425293
82998946,2576.6455078125
82998948,2026.6461181640625
82998950,2123.64404296875
82998952,1493.8597412109375
82998954,-100.79440307617188
82998956,-3393.605224609375
82998958,-3883.853271484375
82998960,-2060.856201171875
82998962,1740.88623046875
82998964,2518.90869140625
82998966,2120.62841796875
82998968,2000.103759765625
82998970,1048.2974853515625
82998972,-1511.625244140625
82998974,-4011.12353515625
82998976,-3297.276123046875
82998978,-213.54737854003906
82998980,2699.662353515625
82998982,2113.421630859375
82998984,2223.51220703125
82998986,1596.5980224609375
82998988,158.78045654296875
82998990,-3172.01220703125
82998992,-3919.147705078125
82998994,-2258.386962890625
82998996,1577.573974609375
82998998,2558.406494140625
82999000,2122.244140625
82999002,2080.51171875
82999004,1173.0838623046875
82999006,-1292.088134765625
82999008,-3979.845947265625
82999010,-3404.890869140625
82999012,-506.38116455078125
82999014,2600.61669921875
82999016,2226.0625
82999018,2219.35009765625
82999020,1682.58447265625
82999022,337.2537536621094
82999024,-2946.3359375
82999026,-3980.622802734375
82999028,-2424.3408203125
82999030,1326.5516357421875
82999032,2639.499755859375
82999034,2112.200439453125
82999036,2103.12451171875
82999038,1263.0494384765625
82999040,-1037.1197509765625
82999042,-3927.7001953125
82999044,-3506.964599609375
82999046,-796.8431396484375
82999048,2507.323974609375
82999050,2260.750244140625
82999052,2235.981689453125
82999054,1771.092041015625
82999056,483.2822570800781
82999058,-2768.16162109375
82999060,-4012.029052734375
82999062,-2676.256103515625
82999064,1083.317626953125
82999066,2690.258544921875
82999068,2059.477294921875
82999070,2143.70654296875
82999072,1288.038330078125
82999074,-821.4955444335938
82999076,-3824.189208984375
82999078,-3583.189697265625
82999080,-1074.4783935546875
82999082,2433.038818359375
82999084,2348.44384765625
82999086,2250.00048828125
82999088,1782.7598876953125
82999090,687.5211791992188
82999092,-2461.732666015625
82999094,-4013.56591796875
82999096,-2798.151611328125
82999098,787.293701171875
82999100,2731.637939453125
82999102,2088.881591796875
82999104,2159.411865234375
82999106,1400.3302001953125
82999108,-573.3517456054688
82999110,-3748.03466796875
82999112,-3647.24853515625
82999114,-1370.8387451171875
82999116,2264.32666015625
82999118,2365.1044921875
82999120,2229.82177734375
82999122,1887.998779296875
82999124,859.8012084960938
82999126,-2213.115478515625
82999128,-4026.106201171875
82999130,-2978.286376953125
82999132,565.0650634765625
82999134,2747.37646484375
82999136,2104.72802734375
82999138,2209.56396484375
82999140,1477.286376953125
82999142,-357.6859436035156
82999144,-3596.07470703125
82999146,-3791.38720703125
82999148,-1622.2930908203125
82999150,2094.4599609375
82999152,2465.3505859375
82999154,2161.289306640625
82999156,1867.0806884765625
82999158,898.4724731445312
82999160,-1980.834716796875
82999162,-4034.284912109375
82999164,-3106.698974609375
82999166,231.0844268798828
82999168,2729.69384765625
82999170,2084.9853515625
82999172,2202.818359375
82999174,1504.7467041015625
82999176,-177.065185546875
82999178,-3457.72216796875
82999180,-3819.379150390625
82999182,-1913.9637451171875
82999184,1894.4205322265625
82999186,2492.94384765625
82999188,2137.6669921875
82999190,1989.171142578125
82999192,1025.5516357421875
82999194,-1717.8828125
82999196,-4041.88623046875
82999198,-3222.180908203125
82999200,-35.43962097167969
82999202,2735.770751953125
82999204,2161.974609375
82999206,2260.206298828125
82999208,1597.906494140625
82999210,9.611729621887207
82999212,-3268.042236328125
82999214,-3889.41943359375
82999216,-2104.084228515625
82999218,1708.0467529296875
82999220,2558.020263671875
82999222,2150.46044921875
82999224,2008.4527587890625
82999226,1078.279052734375
82999228,-1494.7777099609375
82999230,-4029.50390625
82999232,-3370.53125
82999234,-338.1800537109375
82999236,2640.19775390625
82999238,2189.513916015625
82999240,2215.931640625
82999242,1658.4678955078125
82999244,239.7283477783203
82999246,-3050.822998046875
82999248,-3948.954833984375
82999250,-2341.029541015625
82999252,1464.9871826171875
82999254,2591.083984375
82999256,2114.962646484375
82999258,2074.197998046875
82999260,1177.4951171875
82999262,-1207.2939453125
82999264,-3981.8896484375
82999266,-3480.70068359375
82999268,-629.7552490234375
82999270,2558.2197265625
82999272,2231.009521484375
82999274,2251.931884765625
82999276,1693.2470703125
82999278,443.5933837890625
82999280,-2824.19970703125
82999282,-3967.397216796875
82999284,-2515.814208984375
82999286,1264.9892578125
82999288,2689.20751953125
82999290,2128.72412109375
82999292,2092.162841796875
82999294,1285.1763916015625
82999296,-866.2893676757812
82999298,-3615.314697265625
82999300,-3415.503662109375
82999302,-754.1968383789062
82999304,2547.7646484375
82999306,2414.982421875
82999308,2340.5849609375
82999310,1857.302734375
82999312,675.0433349609375
82999314,-2532.05126953125
82999316,-3953.822998046875
82999318,-2626.52783203125
82999320,1036.1270751953125
82999322,2763.7587890625
82999324,2109.126708984375
82999326,2162.377685546875
82999328,1385.642578125
82999330,-683.9157104492188
82999332,-3753.0068359375
82999334,-3610.184814453125
82999336,-1183.6923828125
82999338,2314.271240234375
82999340,2341.178955078125
82999342,2199.22119140625
82999344,1854.8271484375
82999346,699.5503540039062
82999348,-2374.633056640625
82999350,-4028.295166015625
82999352,-2840.8642578125
82999354,684.7090454101562
82999356,2758.873779296875
82999358,2092.79833984375
82999360,2197.734130859375
82999362,1409.5057373046875
82999364,-452.0960693359375
82999366,-3662.584228515625
82999368,-3719.5732421875
82999370,-1480.3642578125
82999372,2166.68505859375
82999374,2390.998779296875
82999376,2177.484619140625
82999378,1888.86279296875
82999380,826.9285888671875
82999382,-2129.932861328125
82999384,-4031.66796875
82999386,-3008.75390625
82999388,429.69500732421875
82999390,2702.906494140625
82999392,2086.775634765625
82999394,2188.433837890625
82999396,1496.41845703125
82999398,-234.47802734375
82999400,-3528.065673828125
82999402,-3753.88720703125
82999404,-1719.025146484375
82999406,2023.3231201171875
82999408,2481.392333984375
82999410,2184.753662109375
82999412,1941.7314453125
82999414,953.9122924804688
82999416,-1843.1551513671875
82999418,-4040.885009765625
82999420,-3110.404052734375
82999422,145.64637756347656
82999424,2693.36962890625
82999426,2122.3232421875
82999428,2182.319580078125
82999430,1539.7957763671875
82999432,-51.140716552734375
82999434,-3406.710205078125
82999436,-3855.940185546875
82999438,-1961.19580078125
82999440,1830.7313232421875
82999442,2525.509033203125
82999444,2069.093017578125
82999446,1989.466064453125
82999448,1072.2437744140625
82999450,-1616.8392333984375
82999452,-4015.887939453125
82999454,-3288.1669921875
82999456,-191.956298828125
82999458,2662.681884765625
82999460,2125.189208984375
82999462,2217.2109375
82999464,1614.4881591796875
82999466,164.74105834960938
82999468,-3181.582275390625
82999470,-3915.79150390625
82999472,-2231.337890625
82999474,1629.146728515625
82999476,2589.76318359375
82999478,2112.3583984375
82999480,2058.447021484375
82999482,1134.350341796875
82999484,-1341.1561279296875
82999486,-3991.530517578125
82999488,-3441.398193359375
82999490,-496.0217590332031
82999492,2608.076904296875
82999494,2171.88134765625
82999496,2234.82275390625
82999498,1615.3397216796875
82999500,315.6875915527344
82999502,-2973.326904296875
82999504,-3987.7587890625
82999506,-2408.585693359375
82999508,1373.2811279296875
82999510,2679.890625
82999512,2107.685302734375
82999514,2119.880859375
82999516,1222.7166748046875
82999518,-1094.4163818359375
82999520,-3943.583984375
82999522,-3506.87744140625
82999524,-789.4827270507812
82999526,2453.9111328125
82999528,2173.47216796875
82999530,2191.97705078125
82999532,1684.3289794921875
82999534,463.85943603515625
82999536,-2751.235107421875
82999538,-4018.405029296875
82999540,-2619.3583984375
82999542,1075.0474853515625
82999544,2647.757568359375
82999546,2073.682861328125
82999548,2136.121826171875
82999550,1373.771240234375
82999552,-823.0947265625
82999554,-3846.814453125
82999556,-3547.47607421875
82999558,-1070.582275390625
82999560,2413.379150390625
82999562,2283.458740234375
82999564,2145.579833984375
82999566,1786.195068359375
82999568,647.9028930664062
82999570,-2524.204833984375
82999572,-3985.740234375
82999574,-2781.61962890625
82999576,822.8496704101562
82999578,2731.941162109375
82999580,2073.180419921875
82999582,2161.78369140625
82999584,1377.3060302734375
82999586,-607.474609375
82999588,-3745.966064453125
82999590,-3655.863525390625
82999592,-1346.447998046875
82999594,2319.097900390625
82999596,2370.55419921875
82999598,2157.4677734375
82999600,1847.7200927734375
82999602,791.23974609375
82999604,-2229.43115234375
82999606,-4063.6640625
82999608,-2993.12353515625
82999610,534.1363525390625
82999612,2724.294189453125
82999614,2090.397705078125
82999616,2212.018798828125
82999618,1472.9788818359375
82999620,-344.6224670410156
82999622,-3607.011474609375
82999624,-3775.985107421875
82999626,-1614.650146484375
82999628,2112.404052734375
82999630,2438.98681640625
82999632,2203.18798828125
82999634,1925.4488525390625
82999636,910.4019775390625
82999638,-2012.0540771484375
82999640,-4081.662353515625
82999642,-3093.822265625
82999644,241.80520629882812
82999646,2717.149658203125
82999648,2110.28564453125
82999650,2210.4072265625
82999652,1485.6353759765625
82999654,-151.552978515625
82999656,-3643.572509765625
82999658,-4061.126220703125
82999660,-1994.853515625
82999662,1773.688232421875
82999664,2400.884765625
82999666,2058.67138671875
82999668,1891.06005859375
82999670,929.5880126953125
82999672,-1846.4781494140625
82999674,-4104.083984375
82999676,-3277.47119140625
82999678,-111.70209503173828
82999680,2615.7197265625
82999682,2089.591796875
82999684,2203.366455078125
82999686,1518.5245361328125
82999688,22.380294799804688
82999690,-3324.35009765625
82999692,-3907.118408203125
82999694,-2129.9287109375
82999696,1692.013427734375
82999698,2542.896484375
82999700,2089.04345703125
82999702,2013.977294921875
82999704,1107.101806640625
82999706,-1505.5068359375
82999708,-4009.61572265625
82999710,-3319.20361328125
82999712,-297.26995849609375
82999714,2635.96923828125
82999716,2151.6982421875
82999718,2239.857177734375
82999720,1640.8809814453125
82999722,213.13616943359375
82999724,-3100.0986328125
82999726,-3980.377685546875
82999728,-2310.889892578125
82999730,1488.4100341796875
82999732,2610.71875
82999734,2138.9462890625
82999736,2130.49365234375
82999738,1267.215576171875
82999740,-1182.4462890625
82999742,-3931.679443359375
82999744,-3411.200439453125
82999746,-562.0577392578125
82999748,2592.09326171875
82999750,2246.67333984375
82999752,2254.91015625
82999754,1704.740478515625
82999756,418.2722473144531
82999758,-2861.267578125
82999760,-3993.00927734375
82999762,-2495.539794921875
82999764,1288.96044921875
82999766,2628.4052734375
82999768,2134.33984375
82999770,2088.5615234375
82999772,1300.18798828125
82999774,-976.3798217773438
82999776,-3890.524169921875
82999778,-3533.23291015625
82999780,-898.2190551757812
82999782,2506.127685546875
82999784,2295.251220703125
82999786,2245.389892578125
82999788,1745.9329833984375
82999790,573.2520751953125
82999792,-2680.6259765625
82999794,-3978.425537109375
82999796,-2698.316650390625
82999798,1009.879638671875
82999800,2644.55908203125
82999802,2078.393310546875
82999804,2128.95654296875
82999806,1344.7408447265625
82999808,-745.3992309570312
82999810,-3797.555419921875
82999812,-3583.61767578125
82999814,-1138.391845703125
82999816,2358.109619140625
82999818,2335.90380859375
82999820,2235.753173828125
82999822,1817.9876708984375
82999824,703.2762451171875
82999826,-2340.343994140625
82999828,-4059.6806640625
82999830,-2829.615966796875
82999832,746.242431640625
82999834,2738.6328125
82999836,2077.927978515625
82999838,2153.858154296875
82999840,1375.3663330078125
82999842,-516.5245971679688
82999844,-3699.078857421875
82999846,-3720.43310546875
82999848,-1420.0438232421875
82999850,2215.2919921875
82999852,2385.58642578125
82999854,2180.81591796875
82999856,1860.4305419921875
82999858,847.6473999023438
82999860,-2146.103271484375
82999862,-4067.975830078125
82999864,-3027.408447265625
82999866,434.3554992675781
82999868,2707.928466796875
82999870,2116.885986328125
82999872,2221.6845703125
82999874,1481.7930908203125
82999876,-234.91001892089844
82999878,-3570.811767578125
82999880,-3814.095703125
82999882,-1731.0875244140625
82999884,2027.7635498046875
82999886,2403.4931640625
82999888,2148.4501953125
82999890,1937.2496337890625
82999892,974.7266235351562
82999894,-1899.787109375
82999896,-4076.515869140625
82999898,-3125.83935546875
82999900,149.00257873535156
82999902,2720.501708984375
82999904,2120.615966796875
82999906,2228.8662109375
82999908,1563.9622802734375
82999910,-11.688594818115234
82999912,-3360.616455078125
82999914,-3876.605224609375
82999916,-2000.922119140625
82999918,1816.7830810546875
82999920,2513.94921875
82999922,2166.52294921875
82999924,1998.782958984375
82999926,1093.5316162109375
82999928,-1628.85595703125
82999930,-4018.18505859375
82999932,-3233.171630859375
82999934,-152.74093627929688
82999936,2727.654541015625
82999938,2130.896484375
82999940,2290.914794921875
82999942,1636.9307861328125
82999944,123.86421203613281
82999946,-3232.664794921875
82999948,-3876.4638671875
82999950,-2170.32373046875
82999952,1620.7562255859375
82999954,2589.14013671875
82999956,2109.8037109375
82999958,2049.03466796875
82999960,1175.14404296875
82999962,-1371.623779296875
82999964,-4003.742431640625
82999966,-3399.33740234375
82999968,-410.8329162597656
82999970,2627.001220703125
82999972,2198.087158203125
82999974,2266.42431640625
82999976,1697.9656982421875
82999978,317.689697265625
82999980,-2983.054931640625
82999982,-3921.598388671875
82999984,-2383.459716796875
82999986,1428.3387451171875
82999988,2646.65673828125
82999990,2132.516357421875
82999992,2107.544189453125
82999994,1235.900634765625
82999996,-1114.3916015625
82999998,-3950.44189453125
83000000,-3492.12353515625
83000002,-772.365234375
83000004,2502.79638671875
83000006,2198.809814453125
83000008,2254.2705078125
83000010,1735.3782958984375
83000012,469.03497314453125
83000014,-2711.911865234375
83000016,-3755.01708984375
83000018,-2412.469482421875
83000020,1347.7315673828125
83000022,2817.9814453125
83000024,2232.189208984375
83000026,2227.3876953125
83000028,1394.423583984375
83000030,-804.9263305664062
83000032,-3818.56494140625
83000034,-3518.4248046875
83000036,-1003.2461547851562
83000038,2469.462890625
83000040,2295.64990234375
83000042,2236.235107421875
83000044,1865.9549560546875
83000046,641.8633422851562
83000048,-2487.373779296875
83000050,-3974.40478515625
83000052,-2780.560546875
83000054,855.6433715820312
83000056,2737.3076171875
83000058,2102.34375
83000060,2198.751708984375
83000062,1424.9410400390625
83000064,-583.5366821289062
83000066,-3737.455078125
83000068,-3643.77197265625
83000070,-1308.74462890625
83000072,2250.718994140625
83000074,2370.29248046875
83000076,2153.870849609375
83000078,1796.2470703125
83000080,789.0009155273438
83000082,-2264.010986328125
83000084,-4003.709228515625
83000086,-2914.281494140625
83000088,609.1735229492188
83000090,2759.06494140625
83000092,2090.2978515625
83000094,2161.96630859375
83000096,1436.95361328125
83000098,-353.1791687011719
83000100,-3598.259521484375
83000102,-3701.006103515625
83000104,-1572.5728759765625
83000106,2125.8828125
83000108,2429.5869140625
83000110,2165.908203125
83000112,1900.144287109375
83000114,891.4859008789062
83000116,-2032.868408203125
83000118,-4050.783447265625
83000120,-3100.883544921875
83000122,283.68310546875
83000124,2722.1298828125
83000126,2066.912353515625
83000128,2223.6533203125
83000130,1523.8787841796875
83000132,-147.5529327392578
83000134,-3445.85498046875
83000136,-3786.232421875
83000138,-1842.37841796875
83000140,1964.76806640625
83000142,2473.138916015625
83000144,2151.71484375
83000146,1960.78466796875
83000148,1008.1890869140625
83000150,-1776.7078857421875
83000152,-4036.893310546875
83000154,-3215.54736328125
83000156,15.879707336425781
83000158,2701.02490234375
83000160,2136.1923828125
83000162,2265.16162109375
83000164,1583.4805908203125
83000166,84.01748657226562
83000168,-3283.63525390625
83000170,-3853.144775390625
83000172,-2045.6951904296875
83000174,1761.895751953125
83000176,2548.16357421875
83000178,2110.6552734375
83000180,2046.741943359375
83000182,1108.3812255859375
83000184,-1499.9573974609375
83000186,-4007.534912109375
83000188,-3376.666259765625
83000190,-305.9803161621094
83000192,2594.09130859375
83000194,2129.596435546875
83000196,2243.67431640625
83000198,1626.737548828125
83000200,190.4900360107422
83000202,-3114.6201171875
83000204,-3932.568359375
83000206,-2261.979736328125
83000208,1514.910888671875
83000210,2618.133056640625
83000212,2155.054443359375
83000214,2134.6513671875
83000216,1202.7705078125
83000218,-1262.24365234375
83000220,-3980.68505859375
83000222,-3453.173828125
83000224,-612.5006713867188
83000226,2583.14208984375
83000228,2198.1494140625
83000230,2280.875244140625
83000232,1717.1600341796875
83000234,397.0217590332031
83000236,-2900.345703125
83000238,-3992.136962890625
83000240,-2498.443359375
83000242,1274.9124755859375
83000244,2658.0546875
83000246,2115.419677734375
83000248,2136.80712890625
83000250,1300.200439453125
83000252,-954.1033325195312
83000254,-3895.8037109375
83000256,-3524.833984375
83000258,-869.4046630859375
83000260,2460.266357421875
83000262,2261.07421875
83000264,2245.9091796875
83000266,1763.5406494140625
83000268,545.19775390625
83000270,-2676.5634765625
83000272,-4026.0146484375
83000274,-2696.25634765625
83000276,997.9999389648438
83000278,2722.420654296875
83000280,2117.729248046875
83000282,2203.673828125
83000284,1381.933349609375
83000286,-677.4026489257812
83000288,-3801.489013671875
83000290,-3603.061279296875
83000292,-1145.349365234375
83000294,2356.50634765625
83000296,2326.416748046875
83000298,2201.0654296875
83000300,1821.14453125
83000302,685.5979614257812
83000304,-2425.798828125
83000306,-4049.300537109375
83000308,-2863.896728515625
83000310,692.8960571289062
83000312,2737.51123046875
83000314,2050.069091796875
83000316,2161.37646484375
83000318,1391.4495849609375
83000320,-540.31298828125
83000322,-3705.683349609375
83000324,-3709.9990234375
83000326,-1463.7618408203125
83000328,2192.998779296875
83000330,2406.421630859375
83000332,2214.5732421875
83000334,1891.2054443359375
83000336,840.1458129882812
83000338,-2185.51806640625
83000340,-4077.089111328125
83000342,-3021.410400390625
83000344,448.4573974609375
83000346,2730.736572265625
83000348,2086.696533203125
83000350,2191.802490234375
83000352,1470.656982421875
83000354,-292.6011657714844
83000356,-3560.364990234375
83000358,-3746.796875
83000360,-1657.9486083984375
83000362,2074.58837890625
83000364,2458.551025390625
83000366,2159.033935546875
83000368,1957.6444091796875
83000370,945.3265380859375
83000372,-1904.73828125
83000374,-4094.588623046875
83000376,-3416.795654296875
83000378,25.811275482177734
83000380,2549.26416015625
83000382,2016.1123046875
83000384,2108.329345703125
83000386,1462.482421875
83000388,-162.805419921875
83000390,-3469.493896484375
83000392,-3916.322998046875
83000394,-1961.125244140625
83000396,1767.8563232421875
83000398,2472.943603515625
83000400,2063.788818359375
83000402,1917.681396484375
83000404,1061.1324462890625
83000406,-1653.5498046875
83000408,-4063.593505859375
83000410,-3279.822265625
83000412,-146.4812774658203
83000414,2666.249755859375
83000416,2069.387939453125
83000418,2223.4375
83000420,1608.7685546875
83000422,98.70092010498047
83000424,-3231.663818359375
83000426,-3930.113525390625
83000428,-2194.294921875
83000430,1599.443359375
83000432,2558.460693359375
83000434,2119.261962890625
83000436,2032.7105712890625
83000438,1129.6441650390625
83000440,-1384.2718505859375
83000442,-4020.918212890625
83000444,-3407.23779296875
83000446,-416.32000732421875
83000448,2636.475830078125
83000450,2224.745849609375
83000452,2307.002197265625
83000454,1676.4368896484375
83000456,300.9709167480469
83000458,-3012.837158203125
83000460,-3944.65576171875
83000462,-2424.386474609375
83000464,1408.371826171875
83000466,2672.513671875
83000468,2111.63134765625
83000470,2078.48876953125
83000472,1253.749267578125
83000474,-1139.646240234375
83000476,-3932.817626953125
83000478,-3482.58642578125
83000480,-734.6036987304688
83000482,2563.511474609375
83000484,2222.69384765625
83000486,2251.76171875
83000488,1724.483154296875
83000490,520.557861328125
83000492,-2790.97802734375
83000494,-3993.1669921875
83000496,-2590.481689453125
83000498,1197.4827880859375
83000500,2652.91650390625
83000502,2115.199462890625
83000504,2156.823974609375
83000506,1297.55029296875
83000508,-879.261474609375
83000510,-3888.3310546875
83000512,-3588.311279296875
83000514,-1007.1963500976562
83000516,2438.326416015625
83000518,2320.39794921875
83000520,2231.89013671875
83000522,1782.93017578125
83000524,661.7680053710938
83000526,-2508.873291015625
83000528,-3997.15869140625
83000530,-2744.061767578125
83000532,916.5037841796875
83000534,2710.0634765625
83000536,2093.75390625
83000538,2133.72509765625
83000540,1370.04541015625
83000542,-639.4915771484375
83000544,-3752.495849609375
83000546,-3674.542724609375
83000548,-1317.018798828125
83000550,2311.90771484375
83000552,2370.761962890625
83000554,2197.6552734375
83000556,1818.98876953125
83000558,734.4666137695312
83000560,-2283.491943359375
83000562,-4056.021240234375
83000564,-2929.803955078125
83000566,575.549072265625
83000568,2708.742431640625
83000570,2072.73583984375
83000572,2188.22216796875
83000574,1424.70849609375
83000576,-394.44647216796875
83000578,-3629.669921875
83000580,-3733.222412109375
83000582,-1577.482666015625
83000584,2170.975830078125
83000586,2438.50927734375
83000588,2154.846923828125
83000590,1903.0518798828125
83000592,873.844970703125
83000594,-1998.0850830078125
83000596,-4084.337158203125
83000598,-3101.822509765625
83000600,326.0843811035156
83000602,2750.8447265625
83000604,2075.302978515625
83000606,2200.865966796875
83000608,1523.9410400390625
83000610,-160.20518493652344
83000612,-3454.569580078125
83000614,-3835.620361328125
83000616,-1837.83837890625
83000618,1967.584228515625
83000620,2480.55322265625
83000622,2132.00146484375
83000624,1953.930908203125
83000626,987.4619750976562
83000628,-1802.8099365234375
83000630,-4038.34716796875
83000632,-3199.210693359375
83000634,43.472930908203125
83000636,2703.587646484375
83000638,2178.236572265625
83000640,2279.516845703125
83000642,1578.6871337890625
83000644,51.7845458984375
83000646,-3292.00927734375
83000648,-3884.746337890625
83000650,-2066.887451171875
83000652,1726.62646484375
83000654,2544.8779296875
83000656,2134.47705078125
83000658,2030.384521484375
83000660,1108.015625
83000662,-1521.1123046875
83000664,-4024.29931640625
83000666,-3300.99365234375
83000668,-245.8634033203125
83000670,2722.042724609375
83000672,2213.107177734375
83000674,2281.3984375
83000676,1670.9249267578125
83000678,238.2163848876953
83000680,-3147.72119140625
83000682,-3940.2734375
83000684,-2282.7900390625
83000686,1566.5250244140625
83000688,2601.54296875
83000690,2088.586669921875
83000692,2060.150146484375
83000694,1233.8736572265625
83000696,-1299.7060546875
83000698,-3943.741943359375
83000700,-3464.98291015625
83000702,-579.2500610351562
83000704,2571.411865234375
83000706,2246.50732421875
83000708,2271.890625
83000710,1747.8145751953125
83000712,392.9926452636719
83000714,-2889.001953125
83000716,-3909.577392578125
83000718,-2487.087158203125
83000720,1326.8963623046875
83000722,2690.58251953125
83000724,2066.19384765625
83000726,2105.18896484375
83000728,1225.87353515625
83000730,-1048.3389892578125
83000732,-3941.353515625
83000734,-3435.981689453125
83000736,-630.6233520507812
83000738,2627.778076171875
83000740,2433.508056640625
83000742,2374.84912109375
83000744,1891.039306640625
83000746,678.3538818359375
83000748,-2554.140625
83000750,-3962.57080078125
83000752,-2586.7890625
83000754,1086.0340576171875
83000756,2749.83544921875
83000758,2095.5732421875
83000760,2181.76708984375
83000762,1366.3526611328125
83000764,-764.4025268554688
83000766,-3808.66259765625
83000768,-3620.926513671875
83000770,-1157.544677734375
83000772,2416.427978515625
83000774,2383.596923828125
83000776,2209.692626953125
83000778,1798.4984130859375
83000780,670.615478515625
83000782,-2419.65966796875
83000784,-4023.33984375
83000786,-2852.96826171875
83000788,733.482177734375
83000790,2717.386474609375
83000792,2097.350830078125
83000794,2225.15283203125
83000796,1433.6971435546875
83000798,-503.5441589355469
83000800,-3671.518798828125
83000802,-3703.7724609375
83000804,-1460.5010986328125
83000806,2180.94482421875
83000808,2385.27490234375
83000810,2186.9052734375
83000812,1881.59375
83000814,814.4134521484375
83000816,-2193.609375
83000818,-4082.277099609375
83000820,-3039.59130859375
83000822,442.75848388671875
83000824,2731.65869140625
83000826,2104.732177734375
83000828,2219.20068359375
83000830,1492.3062744140625
83000832,-233.3523712158203
83000834,-3533.73974609375
83000836,-3744.6328125
83000838,-1703.8681640625
83000840,2091.05810546875
83000842,2473.22607421875
83000844,2135.810302734375
83000846,1958.699462890625
83000848,908.5950927734375
83000850,-1904.052978515625
83000852,-4053.545654296875
83000854,-3160.468994140625
83000856,149.81256103515625
83000858,2708.048828125
83000860,2129.729248046875
83000862,2242.71484375
83000864,1563.551025390625
83000866,-59.610172271728516
83000868,-3367.3994140625
83000870,-3873.33203125
83000872,-1953.2705078125
83000874,1890.2957763671875
83000876,2513.463134765625
83000878,2159.3662109375
83000880,2052.2041015625
83000882,1037.0242919921875
83000884,-1624.7105712890625
83000886,-4041.49560546875
83000888,-3305.807861328125
83000890,-152.49171447753906
83000892,2697.84326171875
83000894,2172.1845703125
83000896,2278.204345703125
83000898,1608.5400390625
83000900,142.2361602783203
83000902,-3269.566650390625
83000904,-3896.111083984375
83000906,-2191.17529296875
83000908,1661.3671875
83000910,2585.40576171875
83000912,2114.697021484375
83000914,2039.9132080078125
83000916,1137.777099609375
83000918,-1378.302978515625
83000920,-4023.66796875
83000922,-3371.748291015625
83000924,-419.5931396484375
83000926,2600.81201171875
83000928,2139.91845703125
83000930,2214.5234375
83000932,1686.65087890625
83000934,270.0464172363281
83000936,-3038.93505859375
83000938,-3941.72314453125
83000940,-2392.078857421875
83000942,1404.5753173828125
83000944,2641.497802734375
83000946,2079.6435546875
83000948,2117.3427734375
83000950,1223.8507080078125
83000952,-1133.6773681640625
83000954,-3962.267578125
83000956,-3507.2763671875
83000958,-731.69189453125
83000960,2522.780029296875
83000962,2214.2451171875
83000964,2256.592529296875
83000966,1755.3494873046875
83000968,464.68603515625
83000970,-2801.00927734375
83000972,-4007.50146484375
83000974,-2587.07568359375
83000976,1149.01708984375
83000978,2714.437255859375
83000980,2090.144287109375
83000982,2163.220703125
83000984,1338.9256591796875
83000986,-840.44482421875
83000988,-3850.60693359375
83000990,-3531.712646484375
83000992,-976.2800903320312
83000994,2465.11376953125
83000996,2304.381103515625
83000998,2250.71484375
83001000,1760.9195556640625
83001002,621.0282592773438
83001004,-2581.762939453125
83001006,-4074.164794921875
83001008,-2785.29150390625
83001010,945.3888549804688
83001012,2689.261474609375
83001014,2082.114990234375
83001016,2151.26220703125
83001018,1351.7191162109375
83001020,-624.15185546875
83001022,-3774.9052734375
83001024,-3679.228271484375
83001026,-1250.816650390625
83001028,2307.15576171875
83001030,2361.224853515625
83001032,2208.625244140625
83001034,1858.0628662109375
83001036,784.0205688476562
83001038,-2300.194091796875
83001040,-4072.270751953125
83001042,-2930.738525390625
83001044,594.689453125
83001046,2709.224365234375
83001048,2060.59033203125
83001050,2181.376708984375
83001052,1452.2767333984375
83001054,-419.7759094238281
83001056,-3619.838134765625
83001058,-3756.363037109375
83001060,-1566.1719970703125
83001062,2139.8974609375
83001064,2414.928466796875
83001066,2201.800537109375
83001068,1936.78857421875
83001070,908.5909423828125
83001072,-2032.7354736328125
83001074,-4054.98291015625
83001076,-3077.572998046875
83001078,300.2191162109375
83001080,2695.38818359375
83001082,2044.8145751953125
83001084,2214.67724609375
83001086,1484.891845703125
83001088,-209.19427490234375
83001090,-3505.693603515625
83001092,-3838.980712890625
83001094,-2022.6834716796875
83001096,1749.13134765625
83001098,2352.481201171875
83001100,2013.5867919921875
83001102,1827.7822265625
83001104,894.144287109375
83001106,-1887.1888427734375
83001108,-4108.96044921875
83001110,-3275.901123046875
83001112,-53.29235076904297
83001114,2676.385009765625
83001116,2055.50634765625
83001118,2222.9140625
83001120,1546.192626953125
83001122,-11.775822639465332
83001124,-3362.0078125
83001126,-3982.68310546875
83001128,-2138.103271484375
83001130,1750.39404296875
83001132,2487.531494140625
83001134,2097.284423828125
83001136,1984.0994873046875
83001138,1103.0810546875
83001140,-1512.863037109375
83001142,-4025.931640625
83001144,-3343.851806640625
83001146,-242.49057006835938
83001148,2695.91162109375
83001150,2145.50927734375
83001152,2256.625732421875
83001154,1632.523681640625
83001156,197.50152587890625
83001158,-3149.382568359375
83001160,-3980.19091796875
83001162,-2321.191162109375
83001164,1541.6982421875
83001166,2592.882568359375
83001168,2134.6513671875
83001170,2029.6949462890625
83001172,1156.6890869140625
83001174,-1264.5863037109375
83001176,-3961.03369140625
83001178,-3445.348388671875
83001180,-547.8395385742188
83001182,2595.283447265625
83001184,2241.39404296875
83001186,2253.585205078125
83001188,1727.261962890625
83001190,403.2025146484375
83001192,-2880.976806640625
83001194,-3987.0693359375
83001196,-2478.970703125
83001198,1315.0625
83001200,2643.62451171875
83001202,2070.575927734375
83001204,2087.178466796875
83001206,1257.8905029296875
83001208,-1011.375
83001210,-3900.25634765625
83001212,-3516.13623046875
83001214,-834.8954467773438
83001216,2523.016845703125
83001218,2281.489990234375
83001220,2240.33056640625
83001222,1772.25927734375
83001224,562.3734130859375
83001226,-2663.67041015625
83001228,-4038.21435546875
83001230,-2663.296630859375
83001232,1044.6090087890625
83001234,2728.111328125
83001236,2094.987548828125
83001238,2148.01806640625
83001240,1359.806396484375
83001242,-765.7525024414062
83001244,-3813.601318359375
83001246,-3607.568115234375
83001248,-1153.602783203125
83001250,2347.044189453125
83001252,2311.5380859375
83001254,2218.311767578125
83001256,1817.534912109375
83001258,691.4049072265625
83001260,-2376.20751953125
83001262,-4069.346435546875
83001264,-2862.575927734375
83001266,746.8114624023438
83001268,2728.942138671875
83001270,2066.60498046875
83001272,2200.05615234375
83001274,1429.06982421875
83001276,-521.7208862304688
83001278,-3733.230712890625
83001280,-3709.85791015625
83001282,-1440.6546630859375
83001284,2228.62548828125
83001286,2366.4794921875
83001288,2178.4775390625
83001290,1911.994873046875
83001292,859.6724853515625
83001294,-2119.320068359375
83001296,-4065.633056640625
83001298,-2970.336181640625
83001300,499.1952209472656
83001302,2739.596435546875
83001304,2139.05029296875
83001306,2221.559814453125
83001308,1503.3385009765625
83001310,-259.3837890625
83001312,-3585.2998046875
83001314,-3802.465087890625
83001316,-1714.1153564453125
83001318,2075.11181640625
83001320,2456.85205078125
83001322,2179.794189453125
83001324,1917.386474609375
83001326,939.4739379882812
83001328,-1910.2835693359375
83001330,-4061.0224609375
83001332,-3129.3408203125
83001334,147.2123260498047
83001336,2736.319091796875
83001338,2120.13818359375
83001340,2228.33056640625
83001342,1581.17529296875
83001344,-44.370140075683594
83001346,-3365.12744140625
83001348,-3826.436279296875
83001350,-1922.1922607421875
83001352,1888.3809814453125
83001354,2523.08740234375
83001356,2168.7744140625
83001358,1977.2001953125
83001360,1072.3392333984375
83001362,-1642.55908203125
83001364,-4014.8662109375
83001366,-3235.82177734375
83001368,-137.6379852294922
83001370,2689.186767578125
83001372,2125.351318359375
83001374,2250.685791015625
83001376,1600.5482177734375
83001378,137.65875244140625
83001380,-3179.841796875
83001382,-3854.744140625
83001384,-2150.979736328125
83001386,1646.1728515625
83001388,2592.488037109375
83001390,2088.586669921875
83001392,2023.41455078125
83001394,1189.2252197265625
83001396,-1433.614013671875
83001398,-4026.38037109375
83001400,-3388.251220703125
83001402,-472.20013427734375
83001404,2600.064453125
83001406,2164.558349609375
83001408,2243.3544921875
83001410,1696.1920166015625
83001412,346.8945617675781
83001414,-2993.119384765625
83001416,-3959.634033203125
83001418,-2369.665283203125
83001420,1433.6929931640625
83001422,2657.979736328125
83001424,2119.556884765625
83001426,2091.7890625
83001428,1243.8634033203125
83001430,-1118.8028564453125
83001432,-3996.74755859375
83001434,-3484.318603515625
83001436,-732.0449829101562
83001438,2535.860107421875
83001440,2218.839111328125
83001442,2278.540771484375
83001444,1728.6036376953125
83001446,483.8056335449219
83001448,-2794.55029296875
83001450,-3996.930419921875
83001452,-2505.58349609375
83001454,1410.3531494140625
83001456,2885.04345703125
83001458,2286.48681640625
83001460,2285.710205078125
83001462,1415.8443603515625
83001464,-820.4197387695312
83001466,-3778.265625
83001468,-3534.852783203125
83001470,-991.2169189453125
83001472,2515.685546875
83001474,2317.36572265625
83001476,2279.5625
83001478,1852.758544921875
83001480,648.733642578125
83001482,-2542.9755859375
83001484,-4016.23681640625
83001486,-2715.438232421875
83001488,959.7067260742188
83001490,2777.416015625
83001492,2113.060302734375
83001494,2184.259521484375
83001496,1389.87939453125
83001498,-624.44677734375
83001500,-3743.897705078125
83001502,-3645.719970703125
83001504,-1303.4901123046875
83001506,2318.2255859375
83001508,2358.117919921875
83001510,2208.845458984375
83001512,1823.25048828125
83001514,765.386962890625
83001516,-2305.004150390625
83001518,-4068.445068359375
83001520,-2903.872314453125
83001522,623.9524536132812
83001524,2691.218017578125
83001526,2099.3447265625
83001528,2158.730712890625
83001530,1438.5321044921875
83001532,-400.5773620605469
83001534,-3619.72607421875
83001536,-3748.645263671875
83001538,-1524.082275390625
83001540,2172.5625
83001542,2439.46044921875
83001544,2207.3125
83001546,1945.7440185546875
83001548,879.556396484375
83001550,-2082.729736328125
83001552,-4100.69873046875
83001554,-3086.324951171875
83001556,319.3677978515625
83001558,2762.3173828125
83001560,2115.41552734375
83001562,2220.359375
83001564,1523.558837890625
83001566,-173.09005737304688
83001568,-3475.986083984375
83001570,-3785.999755859375
83001572,-1773.8336181640625
83001574,1977.7359619140625
83001576,2478.941650390625
83001578,2142.340087890625
83001580,1965.5904541015625
83001582,981.5595092773438
83001584,-1788.99462890625
83001586,-4084.686279296875
83001588,-3227.813232421875
83001590,-18.17256736755371
83001592,2674.212646484375
83001594,2094.115234375
83001596,2237.2236328125
83001598,1553.29541015625
83001600,18.774856567382812
83001602,-3320.408203125
83001604,-3861.75146484375
83001606,-2049.04296875
83001608,1800.3260498046875
83001610,2556.4833984375
83001612,2182.581298828125
83001614,2040.486328125
83001616,1138.005615234375
83001618,-1492.3934326171875
83001620,-4025.084228515625
83001622,-3340.408447265625
83001624,-241.95889282226562
83001626,2690.76513671875
83001628,2137.687744140625
83001630,2256.1728515625
83001632,1640.05859375
83001634,194.41946411132812
83001636,-3090.752685546875
83001638,-3956.9755859375
83001640,-2318.66162109375
83001642,1550.861328125
83001644,2644.1064453125
83001646,2135.835205078125
83001648,2105.874267578125
83001650,1215.6014404296875
83001652,-1227.8673095703125
83001654,-3953.08349609375
83001656,-3376.81591796875
83001658,-552.3006591796875
83001660,2589.472412109375
83001662,2177.351806640625
83001664,2225.269287109375
83001666,1721.0479736328125
83001668,364.08685302734375
83001670,-2899.186767578125
83001672,-3994.184814453125
83001674,-2535.5029296875
83001676,1286.1773681640625
83001678,2671.624755859375
83001680,2076.94775390625
83001682,2098.8544921875
83001684,1277.0433349609375
83001686,-1018.4446411132812
83001688,-3937.453125
83001690,-3493.128662109375
83001692,-839.6597900390625
83001694,2550.68896484375
83001696,2284.76708984375
83001698,2220.122802734375
83001700,1735.77294921875
83001702,511.85992431640625
83001704,-2739.47607421875
83001706,-4048.419921875
83001708,-2707.31787109375
83001710,1040.1644287109375
83001712,2670.4326171875
83001714,2051.763671875
83001716,2154.618408203125
83001718,1335.6566162109375
83001720,-745.012939453125
83001722,-3801.734130859375
83001724,-3559.22705078125
83001726,-1133.212158203125
83001728,2425.67822265625
83001730,2361.640380859375
83001732,2239.27978515625
83001734,1826.4779052734375
83001736,666.8521728515625
83001738,-2415.8671875
83001740,-4039.850830078125
83001742,-2814.567138671875
83001744,765.1875610351562
83001746,2720.485107421875
83001748,2083.79736328125
83001750,2182.735107421875
83001752,1386.834716796875
83001754,-510.3105773925781
83001756,-3693.463134765625
83001758,-3692.4619140625
83001760,-1396.4173583984375
83001762,2256.505126953125
83001764,2371.53857421875
83001766,2214.074951171875
83001768,1926.56201171875
83001770,865.5001220703125
83001772,-2163.2998046875
83001774,-4040.727294921875
83001776,-2996.130859375
83001778,492.2834167480469
83001780,2688.443359375
83001782,2092.424560546875
83001784,2201.3935546875
83001786,1465.2530517578125
83001788,-276.1108703613281
83001790,-3511.512939453125
83001792,-3784.4794921875
83001794,-1668.8231201171875
83001796,2041.2008056640625
83001798,2469.745361328125
83001800,2178.60205078125
83001802,1961.436767578125
83001804,909.97412109375
83001806,-1864.592529296875
83001808,-4023.576416015625
83001810,-3088.97900390625
83001812,48.523868560791016
83001814,2432.507080078125
83001816,1942.2174072265625
83001818,2059.996337890625
83001820,1396.7164306640625
83001822,-210.41131591796875
83001824,-3541.220458984375
83001826,-3976.016357421875
83001828,-2026.421875
83001830,1767.44921875
83001832,2474.983154296875
83001834,2071.107666015625
83001836,1950.81982421875
83001838,1032.334716796875
83001840,-1700.9398193359375
83001842,-4068.349609375
83001844,-3273.4130859375
83001846,-128.94422912597656
83001848,2676.97900390625
83001850,2196.405029296875
83001852,2235.719970703125
83001854,1582.645751953125
83001856,75.23234558105469
83001858,-3237.449951171875
83001860,-3891.006103515625
83001862,-2196.81201171875
83001864,1643.3316650390625
83001866,2577.11083984375
83001868,2111.18701171875
83001870,2015.755126953125
83001872,1167.468017578125
83001874,-1362.3111572265625
83001876,-3975.5966796875
83001878,-3359.739990234375
83001880,-388.0414123535156
83001882,2678.220947265625
83001884,2207.848388671875
83001886,2267.296630859375
83001888,1686.8004150390625
83001890,332.3191223144531
83001892,-3008.1806640625
83001894,-3940.0908203125
83001896,-2362.961181640625
83001898,1419.674072265625
